-- ==========================================
-- ãƒ†ã‚¹ãƒˆãƒ‡ãƒ¼ã‚¿: 8æœˆ1ãƒ¶æœˆåˆ† + 9æœˆ1é€±é–“åˆ†
-- å ´æ‰€æƒ…å ±ã¨ç›®æ¨™æƒ…å ±ã‚’å«ã‚€
-- ==========================================

-- æ—¢å­˜ã®ãƒ†ã‚¹ãƒˆãƒ‡ãƒ¼ã‚¿ã‚’å‰Šé™¤ï¼ˆå¿…è¦ã«å¿œã˜ã¦ï¼‰
-- DELETE FROM public.sessions WHERE session_date >= '2025-08-01' AND session_date <= '2025-09-07';
-- DELETE FROM public.goals WHERE title LIKE '%ãƒ†ã‚¹ãƒˆ%';

-- ==========================================
-- ã‚¢ã‚¯ãƒ†ã‚£ãƒ“ãƒ†ã‚£ãƒ‡ãƒ¼ã‚¿ã®ä½œæˆ
-- ==========================================

-- åŸºæœ¬ã‚¢ã‚¯ãƒ†ã‚£ãƒ“ãƒ†ã‚£ã‚’ä½œæˆï¼ˆå­˜åœ¨ã—ãªã„å ´åˆã®ã¿ï¼‰
INSERT INTO public.activities (id, user_id, name, icon, color) VALUES
('550e8400-e29b-41d4-a716-446655441001', (SELECT id FROM auth.users LIMIT 1), 'ãƒ—ãƒ­ã‚°ãƒ©ãƒŸãƒ³ã‚°', 'ðŸ’»', 'bg-blue-500'),
('550e8400-e29b-41d4-a716-446655441002', (SELECT id FROM auth.users LIMIT 1), 'èª­æ›¸', 'ðŸ“š', 'bg-green-500'),
('550e8400-e29b-41d4-a716-446655441003', (SELECT id FROM auth.users LIMIT 1), 'é‹å‹•', 'ðŸƒ', 'bg-red-500'),
('550e8400-e29b-41d4-a716-446655441004', (SELECT id FROM auth.users LIMIT 1), 'è‹±èªžå­¦ç¿’', 'ðŸŒ', 'bg-purple-500')
ON CONFLICT (id) DO NOTHING;

-- ==========================================
-- ç›®æ¨™ãƒ‡ãƒ¼ã‚¿ã®ä½œæˆ
-- ==========================================

-- ç›®æ¨™1: ãƒ—ãƒ­ã‚°ãƒ©ãƒŸãƒ³ã‚°ã‚¹ã‚­ãƒ«å‘ä¸Š
INSERT INTO public.goals (
    id,
    user_id,
    title,
    description,
    deadline,
    target_duration,
    weekday_hours,
    weekend_hours,
    current_value,
    status
) VALUES (
    '550e8400-e29b-41d4-a716-446655440001',
    (SELECT id FROM auth.users LIMIT 1), -- æœ€åˆã®ãƒ¦ãƒ¼ã‚¶ãƒ¼ã‚’ä½¿ç”¨
    'ãƒ—ãƒ­ã‚°ãƒ©ãƒŸãƒ³ã‚°ã‚¹ã‚­ãƒ«å‘ä¸Š',
    'React/Next.jsã®å®Ÿè·µçš„ãªé–‹ç™ºã‚¹ã‚­ãƒ«ã‚’èº«ã«ã¤ã‘ã€ãƒ•ãƒ«ã‚¹ã‚¿ãƒƒã‚¯é–‹ç™ºè€…ã‚’ç›®æŒ‡ã™',
    '2025-12-31',
    720000, -- 200æ™‚é–“ï¼ˆç§’å˜ä½ï¼‰
    120, -- å¹³æ—¥2æ™‚é–“ï¼ˆåˆ†å˜ä½ï¼‰
    180, -- åœŸæ—¥3æ™‚é–“ï¼ˆåˆ†å˜ä½ï¼‰
    0,
    'active'
);

-- ç›®æ¨™2: èª­æ›¸ç¿’æ…£ã®æ§‹ç¯‰
INSERT INTO public.goals (
    id,
    user_id,
    title,
    description,
    deadline,
    target_duration,
    weekday_hours,
    weekend_hours,
    current_value,
    status
) VALUES (
    '550e8400-e29b-41d4-a716-446655440002',
    (SELECT id FROM auth.users LIMIT 1),
    'èª­æ›¸ç¿’æ…£ã®æ§‹ç¯‰',
    'æœˆ10å†Šã®ãƒ“ã‚¸ãƒã‚¹æ›¸ãƒ»æŠ€è¡“æ›¸ã‚’èª­ç ´ã—ã€çŸ¥è­˜ã®å¹…ã‚’åºƒã’ã‚‹',
    '2025-12-31',
    360000, -- 100æ™‚é–“ï¼ˆç§’å˜ä½ï¼‰
    60, -- å¹³æ—¥1æ™‚é–“ï¼ˆåˆ†å˜ä½ï¼‰
    90, -- åœŸæ—¥1.5æ™‚é–“ï¼ˆåˆ†å˜ä½ï¼‰
    0,
    'active'
);

-- ç›®æ¨™3: é‹å‹•ç¿’æ…£ã®ç¢ºç«‹
INSERT INTO public.goals (
    id,
    user_id,
    title,
    description,
    deadline,
    target_duration,
    weekday_hours,
    weekend_hours,
    current_value,
    status
) VALUES (
    '550e8400-e29b-41d4-a716-446655440003',
    (SELECT id FROM auth.users LIMIT 1),
    'é‹å‹•ç¿’æ…£ã®ç¢ºç«‹',
    'é€±3å›žä»¥ä¸Šã®é‹å‹•ã§å¥åº·çš„ãªä½“ä½œã‚Šã‚’ç›®æŒ‡ã™',
    '2025-12-31',
    180000, -- 50æ™‚é–“ï¼ˆç§’å˜ä½ï¼‰
    30, -- å¹³æ—¥30åˆ†ï¼ˆåˆ†å˜ä½ï¼‰
    60, -- åœŸæ—¥1æ™‚é–“ï¼ˆåˆ†å˜ä½ï¼‰
    0,
    'active'
);

-- ç›®æ¨™4: è‹±èªžå­¦ç¿’
INSERT INTO public.goals (
    id,
    user_id,
    title,
    description,
    deadline,
    target_duration,
    weekday_hours,
    weekend_hours,
    current_value,
    status
) VALUES (
    '550e8400-e29b-41d4-a716-446655440004',
    (SELECT id FROM auth.users LIMIT 1),
    'è‹±èªžå­¦ç¿’',
    'TOEIC800ç‚¹çªç ´ã‚’ç›®æŒ‡ã—ã€å®Ÿè·µçš„ãªè‹±èªžåŠ›ã‚’èº«ã«ã¤ã‘ã‚‹',
    '2025-12-31',
    216000, -- 60æ™‚é–“ï¼ˆç§’å˜ä½ï¼‰
    45, -- å¹³æ—¥45åˆ†ï¼ˆåˆ†å˜ä½ï¼‰
    60, -- åœŸæ—¥1æ™‚é–“ï¼ˆåˆ†å˜ä½ï¼‰
    0,
    'active'
);

-- ==========================================
-- 8æœˆã®ã‚»ãƒƒã‚·ãƒ§ãƒ³ãƒ‡ãƒ¼ã‚¿ï¼ˆ31æ—¥é–“ï¼‰
-- ==========================================

-- 8æœˆ1æ—¥ï¼ˆæœ¨ï¼‰
INSERT INTO public.sessions (user_id, activity_id, goal_id, start_time, end_time, duration, session_date, location, mood_score, detailed_achievements, detailed_challenges, reflection_notes) VALUES
((SELECT id FROM auth.users LIMIT 1), '550e8400-e29b-41d4-a716-446655441001', '550e8400-e29b-41d4-a716-446655440001', '2025-08-01 09:00:00+09', '2025-08-01 11:30:00+09', 9000, '2025-08-01', 'è‡ªå®…ãƒ‡ã‚¹ã‚¯', 4, 'React Hooksã®åŸºæœ¬çš„ãªä½¿ã„æ–¹ã‚’ç†è§£ã—ãŸã€‚useStateã¨useEffectã®é•ã„ãŒæ˜Žç¢ºã«ãªã£ãŸã€‚', 'éžåŒæœŸå‡¦ç†ã®éƒ¨åˆ†ã§ã¾ã æ··ä¹±ã™ã‚‹ã“ã¨ãŒã‚ã‚‹ã€‚', 'é›†ä¸­ã§ãã‚‹ç’°å¢ƒã§å­¦ç¿’ã§ããŸã€‚æ¬¡å›žã¯éžåŒæœŸå‡¦ç†ã«ç„¦ç‚¹ã‚’å½“ã¦ãŸã„ã€‚'),
((SELECT id FROM auth.users LIMIT 1), '550e8400-e29b-41d4-a716-446655441002', '550e8400-e29b-41d4-a716-446655440002', '2025-08-01 20:00:00+09', '2025-08-01 21:00:00+09', 3600, '2025-08-01', 'ãƒªãƒ“ãƒ³ã‚°', 4, 'ã€ŒClean Codeã€ã®ç¬¬1ç« ã‚’èª­äº†ã€‚ã‚³ãƒ¼ãƒ‰ã®å¯èª­æ€§ã®é‡è¦æ€§ã‚’å†èªè­˜ã—ãŸã€‚', 'è‹±èªžã®æŠ€è¡“æ›¸ãªã®ã§èª­ã‚€ã‚¹ãƒ”ãƒ¼ãƒ‰ãŒé…ã„ã€‚', 'å¤œã®èª­æ›¸æ™‚é–“ã‚‚ç¢ºä¿ã§ãã¦è‰¯ã‹ã£ãŸã€‚');

-- 8æœˆ2æ—¥ï¼ˆé‡‘ï¼‰
INSERT INTO public.sessions (user_id, activity_id, goal_id, start_time, end_time, duration, session_date, location, mood_score, detailed_achievements, detailed_challenges, reflection_notes) VALUES
((SELECT id FROM auth.users LIMIT 1), '550e8400-e29b-41d4-a716-446655441001', '550e8400-e29b-41d4-a716-446655440001', '2025-08-02 10:00:00+09', '2025-08-02 12:00:00+09', 7200, '2025-08-02', 'è‡ªå®…ãƒ‡ã‚¹ã‚¯', 5, 'ToDoã‚¢ãƒ—ãƒªã®åŸºæœ¬æ©Ÿèƒ½ã‚’å®Ÿè£…å®Œäº†ã€‚CRUDã®æµã‚ŒãŒç†è§£ã§ããŸã€‚', 'çŠ¶æ…‹ç®¡ç†ãŒè¤‡é›‘ã«ãªã£ã¦ããŸã€‚ãƒªãƒ•ã‚¡ã‚¯ã‚¿ãƒªãƒ³ã‚°ãŒå¿…è¦ã€‚', 'æ‰‹ã‚’å‹•ã‹ã—ãªãŒã‚‰å­¦ã¶ã“ã¨ã§ç†è§£ãŒæ·±ã¾ã£ãŸã€‚'),
((SELECT id FROM auth.users LIMIT 1), '550e8400-e29b-41d4-a716-446655441003', '550e8400-e29b-41d4-a716-446655440003', '2025-08-02 18:00:00+09', '2025-08-02 18:45:00+09', 2700, '2025-08-02', 'è¿‘æ‰€ã®å…¬åœ’', 4, '30åˆ†ã®ãƒ©ãƒ³ãƒ‹ãƒ³ã‚°å®Œäº†ã€‚ä¹…ã—ã¶ã‚Šã®é‹å‹•ã§æ°—åˆ†è»¢æ›ã«ãªã£ãŸã€‚', 'ä½“åŠ›ä¸è¶³ã‚’å®Ÿæ„Ÿã€‚ç¶™ç¶šãŒé‡è¦ã€‚', 'é‹å‹•å¾Œã¯é ­ãŒã™ã£ãã‚Šã—ã¦ã€å¤œã®å­¦ç¿’ã«è‰¯ã„å½±éŸ¿ãŒã‚ã‚Šãã†ã€‚');

-- 8æœˆ3æ—¥ï¼ˆåœŸï¼‰
INSERT INTO public.sessions (user_id, activity_id, goal_id, start_time, end_time, duration, session_date, location, mood_score, detailed_achievements, detailed_challenges, reflection_notes) VALUES
((SELECT id FROM auth.users LIMIT 1), '550e8400-e29b-41d4-a716-446655441001', '550e8400-e29b-41d4-a716-446655440001', '2025-08-03 09:00:00+09', '2025-08-03 12:00:00+09', 10800, '2025-08-03', 'è‡ªå®…ãƒ‡ã‚¹ã‚¯', 5, 'Next.jsã®ãƒ«ãƒ¼ãƒ†ã‚£ãƒ³ã‚°ã¨API Routesã‚’å®Ÿè£…ã€‚ãƒ•ãƒ«ã‚¹ã‚¿ãƒƒã‚¯é–‹ç™ºã®æµã‚Œã‚’ä½“é¨“ã§ããŸã€‚', 'TypeScriptã®åž‹å®šç¾©ã§ã‚¨ãƒ©ãƒ¼ãŒå¤šç™ºã€‚ã¾ã æ…£ã‚Œã¦ã„ãªã„ã€‚', 'åœŸæ›œæ—¥ã®é›†ä¸­å­¦ç¿’æ™‚é–“ã‚’æœ‰åŠ¹æ´»ç”¨ã§ããŸã€‚'),
((SELECT id FROM auth.users LIMIT 1), '550e8400-e29b-41d4-a716-446655441002', '550e8400-e29b-41d4-a716-446655440002', '2025-08-03 15:00:00+09', '2025-08-03 16:30:00+09', 5400, '2025-08-03', 'ã‚«ãƒ•ã‚§', 4, 'ã€ŒClean Codeã€ã®ç¬¬2-3ç« ã‚’èª­äº†ã€‚é–¢æ•°ã®æ›¸ãæ–¹ã«ã¤ã„ã¦å¤šãã®å­¦ã³ãŒã‚ã£ãŸã€‚', 'ã‚«ãƒ•ã‚§ã®é›‘éŸ³ã§é›†ä¸­ãŒé€”åˆ‡ã‚Œã‚‹ã“ã¨ãŒã‚ã£ãŸã€‚', 'å ´æ‰€ã‚’å¤‰ãˆã¦ã®å­¦ç¿’ã‚‚æ–°é®®ã§è‰¯ã„ã€‚æ¬¡å›žã¯é™ã‹ãªå›³æ›¸é¤¨ã‚’è©¦ã—ã¦ã¿ãŸã„ã€‚');

-- 8æœˆ4æ—¥ï¼ˆæ—¥ï¼‰
INSERT INTO public.sessions (user_id, activity_id, goal_id, start_time, end_time, duration, session_date, location, mood_score, detailed_achievements, detailed_challenges, reflection_notes) VALUES
((SELECT id FROM auth.users LIMIT 1), '550e8400-e29b-41d4-a716-446655441003', '550e8400-e29b-41d4-a716-446655440003', '2025-08-04 08:00:00+09', '2025-08-04 09:00:00+09', 3600, '2025-08-04', 'ã‚¸ãƒ ', 5, 'ç­‹ãƒˆãƒ¬ã¨ã‚«ãƒ¼ãƒ‡ã‚£ã‚ªã®ãƒãƒ©ãƒ³ã‚¹è‰¯ã„ãƒ¡ãƒ‹ãƒ¥ãƒ¼ã‚’å®Ÿæ–½ã€‚ä½“ã®èª¿å­ãŒè‰¯ã„ã€‚', 'ã‚¸ãƒ ã®æ··é›‘ã§å¾…ã¡æ™‚é–“ãŒã‚ã£ãŸã€‚', 'æ—¥æ›œã®æœã®é‹å‹•ã¯1é€±é–“ã®è‰¯ã„ã‚¹ã‚¿ãƒ¼ãƒˆã«ãªã‚‹ã€‚'),
((SELECT id FROM auth.users LIMIT 1), '550e8400-e29b-41d4-a716-446655441004', '550e8400-e29b-41d4-a716-446655440004', '2025-08-04 14:00:00+09', '2025-08-04 15:00:00+09', 3600, '2025-08-04', 'è‡ªå®…ãƒ‡ã‚¹ã‚¯', 3, 'TOEICå˜èªž100å€‹ã‚’å¾©ç¿’ã€‚ãƒªã‚¹ãƒ‹ãƒ³ã‚°ç·´ç¿’ã‚‚30åˆ†å®Ÿæ–½ã€‚', 'ãƒªã‚¹ãƒ‹ãƒ³ã‚°ã®ã‚¹ãƒ”ãƒ¼ãƒ‰ã«ã¤ã„ã¦ã„ã‘ãªã„éƒ¨åˆ†ãŒå¤šã„ã€‚', 'è‹±èªžå­¦ç¿’ã®ç¿’æ…£ã¥ã‘ãŒé‡è¦ã€‚æ¯Žæ—¥å°‘ã—ãšã¤ã§ã‚‚ç¶™ç¶šã—ãŸã„ã€‚');

-- 8æœˆ5æ—¥ï¼ˆæœˆï¼‰
INSERT INTO public.sessions (user_id, activity_id, goal_id, start_time, end_time, duration, session_date, location, mood_score, detailed_achievements, detailed_challenges, reflection_notes) VALUES
((SELECT id FROM auth.users LIMIT 1), '550e8400-e29b-41d4-a716-446655441001', '550e8400-e29b-41d4-a716-446655440001', '2025-08-05 09:30:00+09', '2025-08-05 11:00:00+09', 5400, '2025-08-05', 'è‡ªå®…ãƒ‡ã‚¹ã‚¯', 4, 'ãƒ‡ãƒ¼ã‚¿ãƒ™ãƒ¼ã‚¹é€£æºã®åŸºæœ¬ã‚’å­¦ç¿’ã€‚Supabaseã¨ã®æŽ¥ç¶šæ–¹æ³•ã‚’ç†è§£ã—ãŸã€‚', 'SQLã‚¯ã‚¨ãƒªã®æœ€é©åŒ–ãŒã¾ã é›£ã—ã„ã€‚', 'æœˆæ›œæ—¥ã‹ã‚‰è‰¯ã„ã‚¹ã‚¿ãƒ¼ãƒˆãŒåˆ‡ã‚ŒãŸã€‚'),
((SELECT id FROM auth.users LIMIT 1), '550e8400-e29b-41d4-a716-446655441002', '550e8400-e29b-41d4-a716-446655440002', '2025-08-05 21:00:00+09', '2025-08-05 21:45:00+09', 2700, '2025-08-05', 'ãƒ™ãƒƒãƒ‰', 3, 'æŠ€è¡“æ›¸ã‚’30åˆ†èª­äº†ã€‚ç–²ã‚Œã¦ã„ãŸãŒç¶™ç¶šã§ããŸã€‚', 'ç–²åŠ´ã§é›†ä¸­åŠ›ãŒç¶šã‹ãªã‹ã£ãŸã€‚', 'ç–²ã‚Œã¦ã„ã‚‹æ™‚ã¯çŸ­æ™‚é–“ã§ã‚‚ç¶™ç¶šã™ã‚‹ã“ã¨ãŒå¤§åˆ‡ã€‚');

-- ã“ã“ã‹ã‚‰8æœˆã®æ®‹ã‚Šã®æ—¥ä»˜ã®ãƒ‡ãƒ¼ã‚¿ã‚’ç¶šã‘ã¦ä½œæˆ...
-- ï¼ˆç°¡ç•¥åŒ–ã®ãŸã‚ã€ãƒ‘ã‚¿ãƒ¼ãƒ³ã‚’å¤‰ãˆãªãŒã‚‰æ•°æ—¥åˆ†ãšã¤ä½œæˆï¼‰

-- 8æœˆ6æ—¥-10æ—¥ï¼ˆç«-åœŸï¼‰
INSERT INTO public.sessions (user_id, activity_id, goal_id, start_time, end_time, duration, session_date, location, mood_score, detailed_achievements, detailed_challenges, reflection_notes) VALUES
((SELECT id FROM auth.users LIMIT 1), '550e8400-e29b-41d4-a716-446655441001', '550e8400-e29b-41d4-a716-446655440001', '2025-08-06 10:00:00+09', '2025-08-06 12:30:00+09', 9000, '2025-08-06', 'è‡ªå®…ãƒ‡ã‚¹ã‚¯', 4, 'èªè¨¼æ©Ÿèƒ½ã®å®Ÿè£…ã«å–ã‚Šçµ„ã‚“ã ã€‚JWTãƒˆãƒ¼ã‚¯ãƒ³ã®ä»•çµ„ã¿ã‚’ç†è§£ã—ãŸã€‚', 'ã‚»ã‚­ãƒ¥ãƒªãƒ†ã‚£é¢ã§ã®è€ƒæ…®äº‹é …ãŒå¤šãã€è¤‡é›‘ã«æ„Ÿã˜ã‚‹ã€‚', 'å®Ÿè·µçš„ãªæ©Ÿèƒ½é–‹ç™ºã§å­¦ã³ãŒå¤šã„ã€‚'),
((SELECT id FROM auth.users LIMIT 1), '550e8400-e29b-41d4-a716-446655441003', '550e8400-e29b-41d4-a716-446655440003', '2025-08-06 19:00:00+09', '2025-08-06 19:30:00+09', 1800, '2025-08-06', 'è‡ªå®…', 4, 'è‡ªå®…ã§ç­‹ãƒˆãƒ¬30åˆ†ã€‚è…•ç«‹ã¦ã€è…¹ç­‹ã€ã‚¹ã‚¯ãƒ¯ãƒƒãƒˆã‚’å®Ÿæ–½ã€‚', 'è‡ªå®…ã ã¨ãƒ¢ãƒãƒ™ãƒ¼ã‚·ãƒ§ãƒ³ç¶­æŒãŒé›£ã—ã„ã€‚', 'çŸ­æ™‚é–“ã§ã‚‚ç¶™ç¶šã™ã‚‹ã“ã¨ãŒé‡è¦ã€‚'),

((SELECT id FROM auth.users LIMIT 1), '550e8400-e29b-41d4-a716-446655441004', '550e8400-e29b-41d4-a716-446655440004', '2025-08-07 07:00:00+09', '2025-08-07 07:45:00+09', 2700, '2025-08-07', 'é›»è»Šå†…', 3, 'é€šå‹¤æ™‚é–“ã‚’æ´»ç”¨ã—ã¦TOEICå˜èªžå­¦ç¿’ã€‚50å€‹å¾©ç¿’å®Œäº†ã€‚', 'é›»è»Šã®æºã‚Œã§é›†ä¸­ã—ã«ãã„ã€‚', 'éš™é–“æ™‚é–“ã®æœ‰åŠ¹æ´»ç”¨ãŒã§ããŸã€‚'),
((SELECT id FROM auth.users LIMIT 1), '550e8400-e29b-41d4-a716-446655441001', '550e8400-e29b-41d4-a716-446655440001', '2025-08-07 20:00:00+09', '2025-08-07 22:00:00+09', 7200, '2025-08-07', 'è‡ªå®…ãƒ‡ã‚¹ã‚¯', 5, 'ãƒ¬ã‚¹ãƒãƒ³ã‚·ãƒ–ãƒ‡ã‚¶ã‚¤ãƒ³ã®å®Ÿè£…ã€‚CSS Gridã¨Flexboxã‚’ä½¿ã„ã“ãªã›ã‚‹ã‚ˆã†ã«ãªã£ãŸã€‚', 'ãƒ‡ã‚¶ã‚¤ãƒ³ã‚»ãƒ³ã‚¹ãŒã¾ã ä¸è¶³ã—ã¦ã„ã‚‹ã€‚', 'å¤œã®é›†ä¸­æ™‚é–“ã‚’æœ‰åŠ¹æ´»ç”¨ã§ããŸã€‚'),

((SELECT id FROM auth.users LIMIT 1), '550e8400-e29b-41d4-a716-446655441002', '550e8400-e29b-41d4-a716-446655440002', '2025-08-08 12:00:00+09', '2025-08-08 13:00:00+09', 3600, '2025-08-08', 'ã‚ªãƒ•ã‚£ã‚¹ä¼‘æ†©å®¤', 4, 'æ˜¼ä¼‘ã¿ã«ã€Œäººã‚’å‹•ã‹ã™ã€ã‚’30åˆ†èª­æ›¸ã€‚ã‚³ãƒŸãƒ¥ãƒ‹ã‚±ãƒ¼ã‚·ãƒ§ãƒ³ã‚¹ã‚­ãƒ«ã«ã¤ã„ã¦å­¦ã‚“ã ã€‚', 'æ˜¼é£Ÿå¾Œã§çœ æ°—ãŒã‚ã£ãŸã€‚', 'æ˜¼ä¼‘ã¿ã®æ™‚é–“ã‚‚æœ‰åŠ¹æ´»ç”¨ã§ãã¦è‰¯ã„ã€‚'),
((SELECT id FROM auth.users LIMIT 1), '550e8400-e29b-41d4-a716-446655441001', '550e8400-e29b-41d4-a716-446655440001', '2025-08-08 19:30:00+09', '2025-08-08 21:00:00+09', 5400, '2025-08-08', 'è‡ªå®…ãƒ‡ã‚¹ã‚¯', 4, 'ãƒ†ã‚¹ãƒˆé§†å‹•é–‹ç™ºã®åŸºæœ¬ã‚’å­¦ç¿’ã€‚Jestä½¿ã£ãŸãƒ†ã‚¹ãƒˆä½œæˆã‚’å®Ÿè·µã€‚', 'ãƒ†ã‚¹ãƒˆã‚±ãƒ¼ã‚¹ã®è¨­è¨ˆãŒé›£ã—ã„ã€‚', 'ãƒ†ã‚¹ãƒˆã®é‡è¦æ€§ã‚’å®Ÿæ„Ÿã€‚å“è³ªå‘ä¸Šã«ã¤ãªãŒã‚‹ã€‚');

-- 8æœˆã®ä¸­æ—¬ã‹ã‚‰ä¸‹æ—¬ã®ãƒ‡ãƒ¼ã‚¿ï¼ˆä»£è¡¨çš„ãªã‚‚ã®ï¼‰
INSERT INTO public.sessions (user_id, activity_id, goal_id, start_time, end_time, duration, session_date, location, mood_score, detailed_achievements, detailed_challenges, reflection_notes) VALUES
-- 8æœˆ15æ—¥ï¼ˆæœ¨ï¼‰- ãŠç›†æœŸé–“
((SELECT id FROM auth.users LIMIT 1), '550e8400-e29b-41d4-a716-446655441002', '550e8400-e29b-41d4-a716-446655440002', '2025-08-15 10:00:00+09', '2025-08-15 12:00:00+09', 7200, '2025-08-15', 'å®Ÿå®¶ãƒªãƒ“ãƒ³ã‚°', 5, 'ãŠç›†ä¼‘ã¿ã§ã€Œ7ã¤ã®ç¿’æ…£ã€ã‚’é›†ä¸­èª­æ›¸ã€‚ç¬¬ä¸€ã®ç¿’æ…£ã«ã¤ã„ã¦æ·±ãç†è§£ã§ããŸã€‚', 'å®¶æ—ã¨ã®æ™‚é–“ã‚‚ã‚ã‚Šã€å®Œå…¨ãªé›†ä¸­ã¯é›£ã—ã‹ã£ãŸã€‚', 'é•·æœŸä¼‘æš‡ä¸­ã‚‚å­¦ç¿’ç¿’æ…£ã‚’ç¶­æŒã§ãã¦è‰¯ã‹ã£ãŸã€‚'),

-- 8æœˆ20æ—¥ï¼ˆç«ï¼‰
((SELECT id FROM auth.users LIMIT 1), '550e8400-e29b-41d4-a716-446655441001', '550e8400-e29b-41d4-a716-446655440001', '2025-08-20 09:00:00+09', '2025-08-20 12:00:00+09', 10800, '2025-08-20', 'è‡ªå®…ãƒ‡ã‚¹ã‚¯', 5, 'ãƒãƒ¼ãƒˆãƒ•ã‚©ãƒªã‚ªã‚µã‚¤ãƒˆã®æ§‹ç¯‰é–‹å§‹ã€‚ãƒ‡ã‚¶ã‚¤ãƒ³ã‚·ã‚¹ãƒ†ãƒ ã®é‡è¦æ€§ã‚’å®Ÿæ„Ÿã€‚', 'ãƒ‡ã‚¶ã‚¤ãƒ³ã®çµ±ä¸€æ€§ã‚’ä¿ã¤ã®ãŒé›£ã—ã„ã€‚', 'è‡ªåˆ†ã®ã‚¹ã‚­ãƒ«ã‚’å½¢ã«ã™ã‚‹ä½œæ¥­ã¯æ¥½ã—ã„ã€‚'),
((SELECT id FROM auth.users LIMIT 1), '550e8400-e29b-41d4-a716-446655441003', '550e8400-e29b-41d4-a716-446655440003', '2025-08-20 18:30:00+09', '2025-08-20 19:15:00+09', 2700, '2025-08-20', 'è¿‘æ‰€ã®å…¬åœ’', 4, '45åˆ†ã®ã‚¸ãƒ§ã‚®ãƒ³ã‚°ã€‚è·é›¢ã‚’å°‘ã—ä¼¸ã°ã™ã“ã¨ãŒã§ããŸã€‚', 'æš‘ã•ã§æ€ã£ãŸã‚ˆã‚Šç–²ã‚ŒãŸã€‚æ°´åˆ†è£œçµ¦ãŒé‡è¦ã€‚', 'ç¶™ç¶šã«ã‚ˆã‚Šä½“åŠ›å‘ä¸Šã‚’å®Ÿæ„Ÿã—ã¦ã„ã‚‹ã€‚'),

-- 8æœˆ25æ—¥ï¼ˆæ—¥ï¼‰
((SELECT id FROM auth.users LIMIT 1), '550e8400-e29b-41d4-a716-446655441001', '550e8400-e29b-41d4-a716-446655440001', '2025-08-25 14:00:00+09', '2025-08-25 17:30:00+09', 12600, '2025-08-25', 'ã‚³ãƒ¯ãƒ¼ã‚­ãƒ³ã‚°ã‚¹ãƒšãƒ¼ã‚¹', 5, 'ãƒãƒ¼ãƒ é–‹ç™ºã‚’æƒ³å®šã—ãŸGitãƒ¯ãƒ¼ã‚¯ãƒ•ãƒ­ãƒ¼ã‚’å­¦ç¿’ã€‚ãƒ–ãƒ©ãƒ³ãƒæˆ¦ç•¥ã‚’ç†è§£ã—ãŸã€‚', 'ã‚³ãƒ³ãƒ•ãƒªã‚¯ãƒˆè§£æ±ºãŒã¾ã ä¸å®‰ã€‚', 'ä»–ã®é–‹ç™ºè€…ãŒã„ã‚‹ç’°å¢ƒã§åˆºæ¿€ã‚’å—ã‘ãŸã€‚'),
((SELECT id FROM auth.users LIMIT 1), '550e8400-e29b-41d4-a716-446655441004', '550e8400-e29b-41d4-a716-446655440004', '2025-08-25 19:00:00+09', '2025-08-25 20:00:00+09', 3600, '2025-08-25', 'ã‚«ãƒ•ã‚§', 4, 'ã‚ªãƒ³ãƒ©ã‚¤ãƒ³è‹±ä¼šè©±ã§25åˆ†é–“ãƒã‚¤ãƒ†ã‚£ãƒ–ã¨ä¼šè©±ã€‚å®Ÿè·µçš„ãªã‚¹ãƒ”ãƒ¼ã‚­ãƒ³ã‚°ç·´ç¿’ãŒã§ããŸã€‚', 'ç›¸æ‰‹ã®è©±ã™ã‚¹ãƒ”ãƒ¼ãƒ‰ãŒé€Ÿãã¦èžãå–ã‚Œãªã„éƒ¨åˆ†ãŒã‚ã£ãŸã€‚', 'å®Ÿéš›ã®ä¼šè©±ã§ç·Šå¼µã—ãŸãŒã€è‰¯ã„çµŒé¨“ã«ãªã£ãŸã€‚'),

-- 8æœˆ31æ—¥ï¼ˆåœŸï¼‰- 8æœˆæœ€çµ‚æ—¥
((SELECT id FROM auth.users LIMIT 1), '550e8400-e29b-41d4-a716-446655441001', '550e8400-e29b-41d4-a716-446655440001', '2025-08-31 10:00:00+09', '2025-08-31 13:00:00+09', 10800, '2025-08-31', 'è‡ªå®…ãƒ‡ã‚¹ã‚¯', 5, '8æœˆã®ç·ã¾ã¨ã‚ã€‚ãƒãƒ¼ãƒˆãƒ•ã‚©ãƒªã‚ªã‚µã‚¤ãƒˆã®ãƒ‡ãƒ—ãƒ­ã‚¤ã¾ã§å®Œäº†ã€‚å¤§ããªé”æˆæ„Ÿã€‚', 'ãƒ‘ãƒ•ã‚©ãƒ¼ãƒžãƒ³ã‚¹æœ€é©åŒ–ãŒã¾ã èª²é¡Œã€‚', '1ãƒ¶æœˆé–“ç¶™ç¶šã§ããŸã“ã¨ã«æº€è¶³ã€‚9æœˆã¯ã‚ˆã‚Šé«˜åº¦ãªæŠ€è¡“ã«æŒ‘æˆ¦ã—ãŸã„ã€‚'),
((SELECT id FROM auth.users LIMIT 1), '550e8400-e29b-41d4-a716-446655441002', '550e8400-e29b-41d4-a716-446655440002', '2025-08-31 15:00:00+09', '2025-08-31 16:30:00+09', 5400, '2025-08-31', 'å›³æ›¸é¤¨', 5, '8æœˆã®èª­æ›¸ç›®æ¨™5å†Šé”æˆã€‚ã€Œãƒªãƒ¼ãƒ€ãƒ–ãƒ«ã‚³ãƒ¼ãƒ‰ã€å®Œèª­ã§å¤§ããªå­¦ã³ãŒã‚ã£ãŸã€‚', 'æŠ€è¡“æ›¸ã®ç†è§£ã«æ™‚é–“ãŒã‹ã‹ã£ãŸã€‚', 'æœˆæœ«ã«ç›®æ¨™é”æˆã§ãã¦å¬‰ã—ã„ã€‚ç¶™ç¶šã®åŠ›ã‚’å®Ÿæ„Ÿã€‚');

-- ==========================================
-- 9æœˆ1é€±é–“åˆ†ã®ã‚»ãƒƒã‚·ãƒ§ãƒ³ãƒ‡ãƒ¼ã‚¿ï¼ˆ9/1-9/7ï¼‰
-- ==========================================

-- 9æœˆ1æ—¥ï¼ˆæ—¥ï¼‰
INSERT INTO public.sessions (user_id, activity_id, goal_id, start_time, end_time, duration, session_date, location, mood_score, detailed_achievements, detailed_challenges, reflection_notes) VALUES
((SELECT id FROM auth.users LIMIT 1), '550e8400-e29b-41d4-a716-446655441001', '550e8400-e29b-41d4-a716-446655440001', '2025-09-01 09:00:00+09', '2025-09-01 12:00:00+09', 10800, '2025-09-01', 'è‡ªå®…ãƒ‡ã‚¹ã‚¯', 5, '9æœˆã®ç›®æ¨™è¨­å®šã¨å­¦ç¿’è¨ˆç”»ä½œæˆã€‚TypeScript + Next.js 13ã®æ–°æ©Ÿèƒ½å­¦ç¿’ã‚’é–‹å§‹ã€‚', 'App Routerã®æ¦‚å¿µç†è§£ã«æ™‚é–“ãŒã‹ã‹ã£ã¦ã„ã‚‹ã€‚', 'æ–°æœˆã®ã‚¹ã‚¿ãƒ¼ãƒˆã¨ã—ã¦è‰¯ã„1æ—¥ã ã£ãŸã€‚'),
((SELECT id FROM auth.users LIMIT 1), '550e8400-e29b-41d4-a716-446655441003', '550e8400-e29b-41d4-a716-446655440003', '2025-09-01 16:00:00+09', '2025-09-01 17:00:00+09', 3600, '2025-09-01', 'ã‚¸ãƒ ', 5, 'æ–°ã—ã„ãƒˆãƒ¬ãƒ¼ãƒ‹ãƒ³ã‚°ãƒ¡ãƒ‹ãƒ¥ãƒ¼ã‚’é–‹å§‹ã€‚é‡é‡ã‚’å°‘ã—ä¸Šã’ã‚‹ã“ã¨ãŒã§ããŸã€‚', 'æ–°ãƒ¡ãƒ‹ãƒ¥ãƒ¼ã§ç­‹è‚‰ç—›ãŒå¿ƒé…ã€‚', '9æœˆã‚‚é‹å‹•ç¿’æ…£ã‚’ç¶™ç¶šã—ã¦ã„ãæ±ºæ„ã‚’æ–°ãŸã«ã—ãŸã€‚');

-- 9æœˆ2æ—¥ï¼ˆæœˆï¼‰
INSERT INTO public.sessions (user_id, activity_id, goal_id, start_time, end_time, duration, session_date, location, mood_score, detailed_achievements, detailed_challenges, reflection_notes) VALUES
((SELECT id FROM auth.users LIMIT 1), '550e8400-e29b-41d4-a716-446655441004', '550e8400-e29b-41d4-a716-446655440004', '2025-09-02 07:00:00+09', '2025-09-02 07:45:00+09', 2700, '2025-09-02', 'é›»è»Šå†…', 4, 'é€šå‹¤æ™‚é–“ã§TOEIC Part7ã®é•·æ–‡èª­è§£ç·´ç¿’ã€‚èª­è§£ã‚¹ãƒ”ãƒ¼ãƒ‰ãŒå‘ä¸Šã—ã¦ã„ã‚‹ã€‚', 'æ™‚é–“å†…ã«å…¨å•è§£ããã‚Œãªã„ã€‚', 'æœã®æ™‚é–“ã‚’æœ‰åŠ¹æ´»ç”¨ã§ãã¦ã„ã‚‹ã€‚'),
((SELECT id FROM auth.users LIMIT 1), '550e8400-e29b-41d4-a716-446655441001', '550e8400-e29b-41d4-a716-446655440001', '2025-09-02 20:00:00+09', '2025-09-02 22:00:00+09', 7200, '2025-09-02', 'è‡ªå®…ãƒ‡ã‚¹ã‚¯', 4, 'Server Componentsã®å®Ÿè£…ç·´ç¿’ã€‚SSRã¨CSRã®ä½¿ã„åˆ†ã‘ã‚’å­¦ã‚“ã ã€‚', 'ãƒã‚¤ãƒ‰ãƒ¬ãƒ¼ã‚·ãƒ§ãƒ³ã‚¨ãƒ©ãƒ¼ãŒç™ºç”Ÿã—ã¦åŽŸå› ç‰¹å®šã«æ™‚é–“ãŒã‹ã‹ã£ãŸã€‚', 'æ–°æŠ€è¡“ã®å­¦ç¿’ã¯é›£ã—ã„ãŒæ¥½ã—ã„ã€‚');

-- 9æœˆ3æ—¥ï¼ˆç«ï¼‰
INSERT INTO public.sessions (user_id, activity_id, goal_id, start_time, end_time, duration, session_date, location, mood_score, detailed_achievements, detailed_challenges, reflection_notes) VALUES
((SELECT id FROM auth.users LIMIT 1), '550e8400-e29b-41d4-a716-446655441002', '550e8400-e29b-41d4-a716-446655440002', '2025-09-03 12:00:00+09', '2025-09-03 13:00:00+09', 3600, '2025-09-03', 'ã‚ªãƒ•ã‚£ã‚¹ä¼‘æ†©å®¤', 4, 'ã€Œã‚¨ãƒ³ã‚¸ãƒ‹ã‚¢ã®ãŸã‚ã®æ™‚é–“ç®¡ç†è¡“ã€ç¬¬2ç« èª­äº†ã€‚ãƒãƒ¢ãƒ‰ãƒ¼ãƒ­ãƒ†ã‚¯ãƒ‹ãƒƒã‚¯ã‚’è©¦ã—ã¦ã¿ãŸã„ã€‚', 'æ˜¼é£Ÿå¾Œã®çœ æ°—ã§é›†ä¸­åŠ›ãŒä½Žä¸‹ã€‚', 'æ™‚é–“ç®¡ç†ã®æœ¬ã¯å®Ÿè·µçš„ã§å½¹ç«‹ã¤ã€‚'),
((SELECT id FROM auth.users LIMIT 1), '550e8400-e29b-41d4-a716-446655441001', '550e8400-e29b-41d4-a716-446655440001', '2025-09-03 19:00:00+09', '2025-09-03 21:30:00+09', 9000, '2025-09-03', 'è‡ªå®…ãƒ‡ã‚¹ã‚¯', 5, 'ãƒ‡ãƒ¼ã‚¿ãƒ•ã‚§ãƒƒãƒãƒ³ã‚°ã®æœ€é©åŒ–ã€‚React Queryã¨SWRã®æ¯”è¼ƒæ¤œè¨Žã‚’å®Ÿæ–½ã€‚', 'ã‚­ãƒ£ãƒƒã‚·ãƒ¥æˆ¦ç•¥ã®è¨­è¨ˆãŒè¤‡é›‘ã€‚', 'ãƒ‘ãƒ•ã‚©ãƒ¼ãƒžãƒ³ã‚¹æ”¹å–„ã®é‡è¦æ€§ã‚’å®Ÿæ„Ÿã€‚');

-- 9æœˆ4æ—¥ï¼ˆæ°´ï¼‰
INSERT INTO public.sessions (user_id, activity_id, goal_id, start_time, end_time, duration, session_date, location, mood_score, detailed_achievements, detailed_challenges, reflection_notes) VALUES
((SELECT id FROM auth.users LIMIT 1), '550e8400-e29b-41d4-a716-446655441003', '550e8400-e29b-41d4-a716-446655440003', '2025-09-04 06:30:00+09', '2025-09-04 07:15:00+09', 2700, '2025-09-04', 'è¿‘æ‰€ã®å…¬åœ’', 4, 'æ—©æœãƒ©ãƒ³ãƒ‹ãƒ³ã‚°45åˆ†ã€‚æœã®çˆ½ã‚„ã‹ãªç©ºæ°—ã§æ°—æŒã¡è‰¯ãã‚¹ã‚¿ãƒ¼ãƒˆã€‚', 'æ—©èµ·ããŒã¾ã è¾›ã„ã€‚ç¡çœ æ™‚é–“ã®èª¿æ•´ãŒå¿…è¦ã€‚', 'æœã®é‹å‹•ã¯1æ—¥ã®æ´»åŠ›ã«ãªã‚‹ã€‚'),
((SELECT id FROM auth.users LIMIT 1), '550e8400-e29b-41d4-a716-446655441001', '550e8400-e29b-41d4-a716-446655440001', '2025-09-04 20:30:00+09', '2025-09-04 22:00:00+09', 5400, '2025-09-04', 'è‡ªå®…ãƒ‡ã‚¹ã‚¯', 4, 'Tailwind CSSã§ã®ã‚³ãƒ³ãƒãƒ¼ãƒãƒ³ãƒˆè¨­è¨ˆã€‚å†åˆ©ç”¨æ€§ã‚’æ„è­˜ã—ãŸå®Ÿè£…ãŒã§ããŸã€‚', 'ã‚¯ãƒ©ã‚¹åãŒé•·ããªã‚ŠãŒã¡ã€‚å‘½åè¦å‰‡ã‚’æ±ºã‚ã‚‹å¿…è¦ãŒã‚ã‚‹ã€‚', 'CSSè¨­è¨ˆã®é‡è¦æ€§ã‚’å†èªè­˜ã€‚');

-- 9æœˆ5æ—¥ï¼ˆæœ¨ï¼‰
INSERT INTO public.sessions (user_id, activity_id, goal_id, start_time, end_time, duration, session_date, location, mood_score, detailed_achievements, detailed_challenges, reflection_notes) VALUES
((SELECT id FROM auth.users LIMIT 1), '550e8400-e29b-41d4-a716-446655441004', '550e8400-e29b-41d4-a716-446655440004', '2025-09-05 07:30:00+09', '2025-09-05 08:15:00+09', 2700, '2025-09-05', 'ã‚«ãƒ•ã‚§', 5, 'CNN10ã§æ™‚äº‹è‹±èªžå­¦ç¿’ã€‚ãƒ‹ãƒ¥ãƒ¼ã‚¹ã‚’è‹±èªžã§ç†è§£ã™ã‚‹åŠ›ãŒå‘ä¸Šã—ã¦ã„ã‚‹ã€‚', 'å°‚é–€ç”¨èªžãŒå¤šãã¦è¾žæ›¸ã‚’å¼•ãå›žæ•°ãŒå¤šã„ã€‚', 'å®Ÿç”¨çš„ãªè‹±èªžå­¦ç¿’ã§æº€è¶³åº¦ãŒé«˜ã„ã€‚'),
((SELECT id FROM auth.users LIMIT 1), '550e8400-e29b-41d4-a716-446655441001', '550e8400-e29b-41d4-a716-446655440001', '2025-09-05 19:00:00+09', '2025-09-05 21:00:00+09', 7200, '2025-09-05', 'è‡ªå®…ãƒ‡ã‚¹ã‚¯', 5, 'GraphQLã®åŸºæœ¬æ¦‚å¿µã‚’å­¦ç¿’ã€‚RESTã¨ã®é•ã„ã‚’ç†è§£ã—ã€ç°¡å˜ãªã‚¯ã‚¨ãƒªã‚’ä½œæˆã§ããŸã€‚', 'ã‚¹ã‚­ãƒ¼ãƒžè¨­è¨ˆã®è€ƒãˆæ–¹ãŒã¾ã æŽ´ã‚ã¦ã„ãªã„ã€‚', 'æ–°ã—ã„æŠ€è¡“ã«è§¦ã‚Œã‚‹ã“ã¨ã§è¦–é‡ŽãŒåºƒãŒã‚‹ã€‚');

-- 9æœˆ6æ—¥ï¼ˆé‡‘ï¼‰
INSERT INTO public.sessions (user_id, activity_id, goal_id, start_time, end_time, duration, session_date, location, mood_score, detailed_achievements, detailed_challenges, reflection_notes) VALUES
((SELECT id FROM auth.users LIMIT 1), '550e8400-e29b-41d4-a716-446655441002', '550e8400-e29b-41d4-a716-446655440002', '2025-09-06 21:00:00+09', '2025-09-06 22:00:00+09', 3600, '2025-09-06', 'ãƒ™ãƒƒãƒ‰', 4, 'ã€Œã‚¢ã‚¸ãƒ£ã‚¤ãƒ«ã‚µãƒ ãƒ©ã‚¤ã€ç¬¬3ç« èª­äº†ã€‚ã‚¹ã‚¯ãƒ©ãƒ é–‹ç™ºã®ç†è§£ãŒæ·±ã¾ã£ãŸã€‚', 'ç–²ã‚Œã¦ã„ã¦é›†ä¸­åŠ›ãŒç¶šã‹ãªã„éƒ¨åˆ†ãŒã‚ã£ãŸã€‚', 'é€±æœ«å‰ã§ã‚‚å­¦ç¿’ç¿’æ…£ã‚’ç¶­æŒã§ããŸã€‚'),
((SELECT id FROM auth.users LIMIT 1), '550e8400-e29b-41d4-a716-446655441001', '550e8400-e29b-41d4-a716-446655440001', '2025-09-06 19:30:00+09', '2025-09-06 21:00:00+09', 5400, '2025-09-06', 'è‡ªå®…ãƒ‡ã‚¹ã‚¯', 4, 'Dockerã‚’ä½¿ã£ãŸé–‹ç™ºç’°å¢ƒæ§‹ç¯‰ã€‚ã‚³ãƒ³ãƒ†ãƒŠã®æ¦‚å¿µã‚’å®Ÿè·µçš„ã«å­¦ã¹ãŸã€‚', 'è¨­å®šãƒ•ã‚¡ã‚¤ãƒ«ã®æ›¸ãæ–¹ã§è©¦è¡ŒéŒ¯èª¤ãŒå¤šã‹ã£ãŸã€‚', 'ã‚¤ãƒ³ãƒ•ãƒ©å‘¨ã‚Šã®çŸ¥è­˜ã‚‚é‡è¦ã ã¨å®Ÿæ„Ÿã€‚');

-- 9æœˆ7æ—¥ï¼ˆåœŸï¼‰
INSERT INTO public.sessions (user_id, activity_id, goal_id, start_time, end_time, duration, session_date, location, mood_score, detailed_achievements, detailed_challenges, reflection_notes) VALUES
((SELECT id FROM auth.users LIMIT 1), '550e8400-e29b-41d4-a716-446655441001', '550e8400-e29b-41d4-a716-446655440001', '2025-09-07 10:00:00+09', '2025-09-07 13:30:00+09', 12600, '2025-09-07', 'ã‚³ãƒ¯ãƒ¼ã‚­ãƒ³ã‚°ã‚¹ãƒšãƒ¼ã‚¹', 5, '1é€±é–“ã®å­¦ç¿’å†…å®¹ã‚’çµ±åˆã—ã¦ãƒŸãƒ‹ãƒ—ãƒ­ã‚¸ã‚§ã‚¯ãƒˆä½œæˆã€‚Next.js 13ã®æ–°æ©Ÿèƒ½ã‚’æ´»ç”¨ã§ããŸã€‚', 'ãƒ‡ãƒ—ãƒ­ã‚¤æ™‚ã«ãƒ“ãƒ«ãƒ‰ã‚¨ãƒ©ãƒ¼ãŒç™ºç”Ÿã€‚æœ¬ç•ªç’°å¢ƒç‰¹æœ‰ã®å•é¡Œã«å¯¾å‡¦ãŒå¿…è¦ã€‚', 'åœŸæ›œæ—¥ã®é›†ä¸­å­¦ç¿’ã§å¤§ããªæˆæžœã‚’å¾—ã‚‰ã‚ŒãŸã€‚'),
((SELECT id FROM auth.users LIMIT 1), '550e8400-e29b-41d4-a716-446655441003', '550e8400-e29b-41d4-a716-446655440003', '2025-09-07 16:00:00+09', '2025-09-07 17:30:00+09', 5400, '2025-09-07', 'ã‚¸ãƒ ', 5, 'é€±3å›žç›®ã®é‹å‹•é”æˆã€‚å…¨èº«ã®ãƒãƒ©ãƒ³ã‚¹ãƒˆãƒ¬ãƒ¼ãƒ‹ãƒ³ã‚°ã‚’å®Ÿæ–½ã€‚ä½“ã®å¤‰åŒ–ã‚’å®Ÿæ„Ÿã—ã¦ã„ã‚‹ã€‚', 'é€±æœ«ã®ã‚¸ãƒ ã¯æ··é›‘ã—ã¦ã„ã¦å¾…ã¡æ™‚é–“ãŒã‚ã£ãŸã€‚', '1é€±é–“ã®é‹å‹•ç›®æ¨™ã‚’é”æˆã§ãã¦æº€è¶³ã€‚æ¥é€±ã‚‚ç¶™ç¶šã—ãŸã„ã€‚'),
((SELECT id FROM auth.users LIMIT 1), '550e8400-e29b-41d4-a716-446655441004', '550e8400-e29b-41d4-a716-446655440004', '2025-09-07 20:00:00+09', '2025-09-07 21:00:00+09', 3600, '2025-09-07', 'è‡ªå®…ãƒ‡ã‚¹ã‚¯', 4, '1é€±é–“ã®è‹±èªžå­¦ç¿’ã®æŒ¯ã‚Šè¿”ã‚Šã€‚TOEICæ¨¡è©¦ã§å‰å›žã‚ˆã‚Š20ç‚¹å‘ä¸Šã—ãŸã€‚', 'ãƒªã‚¹ãƒ‹ãƒ³ã‚°ãƒ‘ãƒ¼ãƒˆã§ã¾ã èžãå–ã‚Œãªã„éƒ¨åˆ†ãŒå¤šã„ã€‚', 'å°‘ã—ãšã¤ã ãŒç¢ºå®Ÿã«é€²æ­©ã—ã¦ã„ã‚‹ã€‚ç¶™ç¶šã®åŠ¹æžœã‚’å®Ÿæ„Ÿã€‚');

-- ==========================================
-- çµ±è¨ˆæƒ…å ±ã®æ›´æ–°
-- ==========================================

-- ç›®æ¨™ã®é€²æ—ã‚’æ›´æ–°ï¼ˆæ¦‚ç®—ï¼‰
UPDATE public.goals SET current_value = 150000 WHERE id = '550e8400-e29b-41d4-a716-446655440001'; -- ãƒ—ãƒ­ã‚°ãƒ©ãƒŸãƒ³ã‚°ç´„42æ™‚é–“
UPDATE public.goals SET current_value = 45000 WHERE id = '550e8400-e29b-41d4-a716-446655440002'; -- èª­æ›¸ç´„12.5æ™‚é–“
UPDATE public.goals SET current_value = 25000 WHERE id = '550e8400-e29b-41d4-a716-446655440003'; -- é‹å‹•ç´„7æ™‚é–“
UPDATE public.goals SET current_value = 20000 WHERE id = '550e8400-e29b-41d4-a716-446655440004'; -- è‹±èªžç´„5.5æ™‚é–“

COMMIT;
